{
 "portraitScale": 2.3,
 "portraitTranslation": [-0.1, 0.58, 0],
 "profileScale": 0.75,
 "profileTranslation": [0, 0.68, 0],
 "animations": {
   "recoil": "q.bedrock_stateful('crinaurus', 'recoil')",
   "physical": "q.bedrock_primary('crinaurus', 'physical', q.curve('symmetrical_wide'))",
   "special": "q.bedrock_primary('crinaurus', 'special', q.curve('symmetrical_wide'))",
   "status": "q.bedrock_primary('crinaurus', 'status', q.curve('symmetrical_wide'))"
 },
 "poses": {
   "battle-standing": {
     "poseTypes": ["STAND"],
     "isBattle": true,
     "animations": [
       "q.look('head')",
       "q.bedrock('crinaurus', 'battle_idle')"
     ],
     "quirks": ["q.bedrock_quirk('crinaurus', 'blink')"]
   },
   "standing": {
     "poseTypes": ["STAND", "NONE", "PORTRAIT", "PROFILE"],
     "isBattle": false,
     "animations": [
       "q.look('head')",
       "q.bedrock('crinaurus', 'ground_idle')"
     ],
     "quirks": [
       "q.bedrock_quirk('crinaurus', 'blink')"
     ]
   },
   "walking": {
     "poseTypes": ["WALK"],
     "animations": [
       "q.look('head')",
       "q.bedrock('crinaurus', 'ground_walk')"
     ],
     "quirks": ["q.bedrock_quirk('crinaurus', 'blink')"]
   },
   "hover": {
     "poseTypes": ["HOVER"],
     "animations": [
       "q.look('head')",
       "q.bedrock('crinaurus', 'ground_idle')"
     ],
     "quirks": ["q.bedrock_quirk('crinaurus', 'blink')"]
   },
   "fly": {
     "poseTypes": ["FLY"],
     "animations": [
       "q.look('head')",
       "q.bedrock('crinaurus', 'ground_idle')"
     ],
     "quirks": ["q.bedrock_quirk('crinaurus', 'blink')"]
   },
   "float": {
     "poseTypes": ["FLOAT"],
     "animations": [
       "q.look('head')",
       "q.bedrock('crinaurus', 'ground_idle')"
     ],
     "quirks": ["q.bedrock_quirk('crinaurus', 'blink')"]
   },
   "swim": {
     "poseTypes": ["SWIM"],
     "animations": [
       "q.look('head')",
       "q.bedrock('crinaurus', 'ground_walk')"
     ],
     "quirks": ["q.bedrock_quirk('crinaurus', 'blink')"]
   },
   "sleep": {
     "poseTypes": ["SLEEP"],
     "animations": ["q.bedrock('crinaurus', 'sleep')"]
   },
   "shoulder_left": {
     "poseTypes": ["SHOULDER_LEFT"],
     "animations": [
       "q.look('head')",
       "q.bedrock('crinaurus', 'ground_idle')"
     ],
     "quirks": ["q.bedrock_quirk('crinaurus', 'blink')"]
   },
   "shoulder_right": {
     "poseTypes": ["SHOULDER_RIGHT"],
     "animations": [
       "q.look('head')",
       "q.bedrock('crinaurus', 'ground_idle')"
     ],
     "quirks": ["q.bedrock_quirk('crinaurus', 'blink')"]
   }
 }
}