{
  "type": "minecraft:chest",
  "pools": [
    {
      "rolls": 1,
      "bonus_rolls": 0,
      "entries": [
        {
          "type": "minecraft:item",
          "name": "minecraft:map",
          "weight": 2,
          "functions": [
            {
              "function": "minecraft:exploration_map",
              "destination": "legendary_structures:mew_ruins",
              "decoration": "red_x",
              "zoom": 1,
              "skip_existing_chunks": false
            },
            {
              "function": "minecraft:set_name",
              "name": {
                "text": "Old Map"
              }
            }
          ]
        },
        {
          "type": "minecraft:item",
          "name": "minecraft:map",
          "weight": 2,
          "functions": [
            {
              "function": "minecraft:exploration_map",
              "destination": "legendary_structures:sky_pillar",
              "decoration": "red_x",
              "zoom": 1,
              "skip_existing_chunks": false
            },
            {
              "function": "minecraft:set_name",
              "name": {
                "text": "Jade Map"
              }
            }
          ]
        },
        {
          "type": "minecraft:item",
          "name": "minecraft:map",
          "weight": 2,
          "functions": [
            {
              "function": "minecraft:exploration_map",
              "destination": "legendary_structures:xerneas_tree",
              "decoration": "red_x",
              "zoom": 1,
              "skip_existing_chunks": false
            },
            {
              "function": "minecraft:set_name",
              "name": {
                "text": "Life Map"
              }
            }
          ]
        },
        {
          "type": "minecraft:item",
          "name": "minecraft:command_block",
          "weight": 3
        },
        {
          "type": "minecraft:item",
          "name": "minecraft:repeating_command_block",
          "weight": 1
        }
      ]
    }
  ]
}
