{
  "implemented": true,
  "name": "Dewott",
  "nationalPokedexNumber": 502,
  "primaryType": "water",
  "abilities": [
    "torrent",
    "h:shellarmor"
  ],
  "baseStats": {
    "hp": 75,
    "attack": 75,
    "defence": 60,
    "special_attack": 83,
    "special_defence": 60,
    "speed": 60
  },
  "catchRate": 45,
  "maleRatio": 0.875,
  "shoulderMountable": false,
  "baseExperienceYield": 145,
  "experienceGroup": "medium_slow",
  "eggCycles": 20,
  "eggGroups": [
    "field"
  ],
  "drops": {
    "amount": "2",
    "entries": [
      {
        "item": "minecraft:nautilus_shell",
        "quantityRange": "1-2",
        "percentage": 66
      },
      {
        "item": "cobblemon:mystic_water",
        "percentage": 10
      }
    ]
  },
  "moves": [
    "1:soak",
    "1:tackle",
    "1:tailwhip",
    "1:watergun",
    "1:watersport",
    "13:focusenergy",
    "17:razorshell",
    "20:furycutter",
    "25:waterpulse",
    "28:revenge",
    "29:aerialace",
    "33:aquajet",
    "36:encore",
    "41:aquatail",
    "44:retaliate",
    "49:swordsdance",
    "52:hydropump",
    "tm:aerialace",
    "tm:airslash",
    "tm:attract",
    "tm:avalanche",
    "tm:blizzard",
    "tm:brickbreak",
    "tm:chillingwater",
    "tm:confide",
    "tm:cut",
    "tm:dig",
    "tm:dive",
    "tm:doubleteam",
    "tm:encore",
    "tm:endure",
    "tm:facade",
    "tm:falseswipe",
    "tm:fling",
    "tm:frustration",
    "tm:grassknot",
    "tm:hail",
    "tm:helpinghand",
    "tm:hiddenpower",
    "tm:hydropump",
    "tm:icebeam",
    "tm:icywind",
    "tm:liquidation",
    "tm:protect",
    "tm:raindance",
    "tm:rest",
    "tm:retaliate",
    "tm:return",
    "tm:rocksmash",
    "tm:round",
    "tm:scald",
    "tm:secretpower",
    "tm:sleeptalk",
    "tm:snowscape",
    "tm:substitute",
    "tm:surf",
    "tm:swagger",
    "tm:swift",
    "tm:swordsdance",
    "tm:takedown",
    "tm:taunt",
    "tm:terablast",
    "tm:thief",
    "tm:toxic",
    "tm:waterfall",
    "tm:waterpledge",
    "tm:waterpulse",
    "tm:workup",
    "tm:xscissor",
    "tutor:aquatail",
    "tutor:covet",
    "tutor:helpinghand",
    "tutor:icywind",
    "tutor:irontail",
    "tutor:sleeptalk",
    "tutor:snore",
    "tutor:waterpledge",
    "tutor:waterpulse"
  ],
  "labels": [
    "gen5"
  ],
  "pokedex": [
    "cobblemon.species.dewott.desc"
  ],
  "preEvolution": "oshawott",
  "evolutions": [
    {
      "id": "dewott_samurott",
      "variant": "level_up",
      "result": "samurott",
      "consumeHeldItem": false,
      "learnableMoves": [
        "slash"
      ],
      "requirements": [
        {
          "variant": "level",
          "minLevel": 36
        }
      ]
    },
    {
      "id": "dewott_samurotthisui",
      "variant": "level_up",
      "result": "samurotthisui",
      "consumeHeldItem": false,
      "learnableMoves": [
        "ceaselessedge"
      ],
      "requirements": [
        {
          "variant": "level",
          "minLevel": 36
        }
      ]
    }
  ],
  "baseScale": 0.6,
  "hitbox": {
    "width": 1,
    "height": 1.75,
    "fixed": false
  },
  "baseFriendship": 70,
  "evYield": {
    "hp": 0,
    "attack": 0,
    "defence": 0,
    "special_attack": 2,
    "special_defence": 0,
    "speed": 0
  },
  "height": 8,
  "weight": 245,
  "aspects": [],
  "cannotDynamax": false
}