{
    "enabled": true,
    "neededInstalledMods": [],
    "neededUninstalledMods": [],
    "spawns": [
        {
            "id": "zapdos-1",
            "pokemon": "zapdos",
            "type": "pokemon",
            "context": "grounded",
            "bucket": "ultra-rare",
            "level": "45-70",
            "weight": 3.0,
            "weightMultiplier": {
                "multiplier": 2.0,
                "condition": {
                    "isThundering": true
                }
            },
            "condition": {
                "canSeeSky": true,
                "biomes": [
                    "#cobblemon:is_overworld"
                ]
            }
        }
    ]
}