{
  "maxScale": 0.55,
  "yTranslation": 0,
  "yGrowthPoint": 0.5625,
  "animations": [
    "bedrock(tyrarch_fetus, sleep)"
  ],
  "quirks": [
    {
      "name": "quirk",
      "animations": [
        "bedrock(tyrarch_fetus, quirk1)"
      ],
      "loopTimes": 1,
        "minSeconds": 45,
      "maxSeconds": 180
    },
    {
      "name": "quirk",
      "animations": [
        "bedrock(tyrarch_fetus, quirk2)"
      ],
      "loopTimes": 1,
      "minSeconds": 45,
      "maxSeconds": 180
    },
    {
      "name": "quirk",
      "animations": [
        "bedrock(tyrarch_fetus, quirk3)"
      ],
      "loopTimes": 1,
      "minSeconds": 45,
      "maxSeconds": 180
    }
  ]
}