{
    "enabled": "true",
    "neededInstalledMods": [],
    "neededUninstalledMods": [],
    "spawns": [
        {
            "id": "bagon-1",
            "pokemon": "bagon",
            "presets": [
                "underground"
            ],
            "type": "pokemon",
            "context": "grounded",
            "bucket": "rare",
            "level": "15-29",
            "weight": 30.0,
            "condition": {
                "minHeight": 5,
                "minY": 100,
                "biomes": [
                    "#cobblemon:is_cave",
		    "#cobblemon:is_dripstone",
		    "#cobblemon:is_lush"
                ]
            }
        }
    ]
}