{
  "target": "cobblemon:urshifu",

  "baseScale":0.7,
  "hitbox": {
    "width": 2,
    "height": 3,
    "fixed": false
  },

  "behaviour": {
      "moving": {
        "canLook": true,
        "walk": {
          "walkSpeed": 0.3,
          "canWalk": true,
          "avoidsLand": false
        },
      "fly": {
        "canFly": false
      },
      "swim": {
        "swimSpeed": 0.2,
        "canSwimInWater": false,
        "canBreatheUnderwater": false
      }
    }
  }
}