{
    "implemented": true,
    "name": "hacnea",
    "primaryType": "grass",
    "abilities": [
        "sharpness",
        "harvest"
    ],
    "baseStats": {
        "hp": 35,
        "attack": 60,
        "defence": 80,
        "special_attack": 20,
        "special_defence": 75,
        "speed": 65
    },
    "behaviour": {
        "resting": {
            "canSleep": true,
            "depth": "normal",
            "sleepChance": "0.01",
            "times": "day",
            "willSleepOnBed": true
        },
        "moving": {
            "canLook": true,
            "walk": {
                "walkSpeed": 0.34,
                "canWalk": true,
                "avoidsLand": false
            },
            "swim": {
                "swimSpeed": 0.1,
                "canSwimInWater": true,
                "canBreatheUnderwater": false
            },
            "fly": {
                "canFly": false,
                "flySpeedHorizontal": 0.3
            },
            "wanderChance": 100
        }
    },
    "catchRate": 140,
    "maleRatio": 0.5,
    "shoulderMountable": false,
    "baseExperienceYield": 70,
    "eggCycles": 25,
    "eggGroups": [
        "grass"
    ],
    "drops": {
        "amount": 1,
        "entries": [
            {
                "item": "minecraft:pumpkin_seeds",
                "quantityRange": "1-2",
                "percentage": 80
            }
        ]
    },
    "moves": [
        "1:cut",
        "1:vinewhip",
        "3:astonish",
        "6:growth",
        "9:bulletseed",
        "10:scaryface",
        "12:slash",
        "18:painsplit",
        "20:nightslash",
        "22:shadowsneak",
        "24:leafblade",
        "27:taunt",
        "30:destinybond",
        "34:curse",
        "38:foulplay",
        "50:solarblade",
        "55:lastrespects"
    ],
    "labels": [
        "custom"
    ],
    "pokedex": [
        "cobblemon.species.hacnea.desc1",
        "cobblemon.species.hacnea.desc2"
    ],
    "evolutions": [
        {
            "id": "hacnea_lit",
            "variant": "level_up",
            "result": "hacnealit",
            "consumeHeldItem": true,
			"permanent": true,
            "requirements": [
                {
                    "variant": "level",
                    "minLevel": 1
                },
                {
                    "variant": "held_item",
                    "itemCondition": "minecraft:candle"
                }
            ]
        }
    ],
    "baseScale": 0.7,
    "hitbox": {
        "width": 0.65,
        "height": 0.75,
        "fixed": false
    },
    "baseFriendship": 50,
    "evYield": {
        "hp": 0,
        "attack": 0,
        "defence": 1,
        "special_attack": 0,
        "special_defence": 0,
        "speed": 0
    },
    "height": 4,
    "weight": 200,
    "cannotDynamax": false
}