{
	"format_version": "1.12.0",
	"minecraft:geometry": [
		{
			"description": {
				"identifier": "geometry.hacnea",
				"texture_width": 64,
				"texture_height": 64,
				"visible_bounds_width": 6,
				"visible_bounds_height": 2.5,
				"visible_bounds_offset": [0, 0.75, 0]
			},
			"bones": [
				{
					"name": "hacnea",
					"pivot": [0, 0, 0]
				},
				{
					"name": "body_backup",
					"parent": "hacnea",
					"pivot": [0, 0, 0]
				},
				{
					"name": "body",
					"parent": "body_backup",
					"pivot": [0, 0, 0]
				},
				{
					"name": "pirouette_left",
					"parent": "body",
					"pivot": [3.5, 0, 0]
				},
				{
					"name": "pirouette_right",
					"parent": "pirouette_left",
					"pivot": [-3.5, 0, 0]
				},
				{
					"name": "upper",
					"parent": "pirouette_right",
					"pivot": [0, 3.5, 0]
				},
				{
					"name": "torso_backup",
					"parent": "upper",
					"pivot": [0, 3.5, 0]
				},
				{
					"name": "torso",
					"parent": "torso_backup",
					"pivot": [0, 3.5, 0],
					"cubes": [
						{"origin": [-1.5, 12, -1.5], "size": [3, 2, 3], "uv": [36, 56]}
					]
				},
				{
					"name": "polite",
					"parent": "torso",
					"pivot": [0, 7.5, 0],
					"cubes": [
						{"origin": [-4.5, 3, -4.5], "size": [9, 9, 9], "uv": [0, 2]}
					]
				},
				{
					"name": "polite_face",
					"parent": "polite",
					"pivot": [0, 7.5, 0]
				},
				{
					"name": "polite_eyes",
					"parent": "polite_face",
					"pivot": [0, 9.5, -4.5]
				},
				{
					"name": "polite_eye_left",
					"parent": "polite_eyes",
					"pivot": [2, 9.5, -4.52],
					"rotation": [0, 0, 5],
					"cubes": [
						{"origin": [0.5, 8, -4.52], "size": [3, 3, 0], "uv": [21, 45]}
					]
				},
				{
					"name": "polite_eye_right",
					"parent": "polite_eyes",
					"pivot": [-2, 9.5, -4.52],
					"rotation": [0, 0, -5],
					"cubes": [
						{"origin": [-3.5, 8, -4.52], "size": [3, 3, 0], "uv": [45, 56]}
					]
				},
				{
					"name": "polite_mouth",
					"parent": "polite_face",
					"pivot": [0, 7.5, 0]
				},
				{
					"name": "polite_topjaw",
					"parent": "polite_mouth",
					"pivot": [0, 8, -4.51],
					"cubes": [
						{"origin": [-4.5, 7, -4.51], "size": [9, 2, 0], "uv": [18, 54]}
					]
				},
				{
					"name": "polite_bottomjaw",
					"parent": "polite_mouth",
					"pivot": [0, 5.5, -4.51],
					"cubes": [
						{"origin": [-4.5, 4.5, -4.51], "size": [9, 2, 0], "uv": [18, 56]}
					]
				},
				{
					"name": "polite_stem_1",
					"parent": "polite",
					"pivot": [0, 14, 0],
					"rotation": [-45, -45, 0],
					"cubes": [
						{"origin": [0, 13, -1.5], "size": [0, 6, 2], "uv": [60, 30]}
					]
				},
				{
					"name": "polite_stem_2",
					"parent": "polite_stem_1",
					"pivot": [0, 18, 0.5],
					"rotation": [0, 0, -32.5],
					"cubes": [
						{"origin": [0, 16, -1.5], "size": [0, 2, 3], "uv": [31, 47]}
					]
				},
				{
					"name": "polite_stem_3",
					"parent": "polite_stem_2",
					"pivot": [0, 17, -1.5],
					"rotation": [0, 0, 40],
					"cubes": [
						{"origin": [0, 17, -2.5], "size": [0, 4, 3], "pivot": [0, 17, 0.5], "rotation": [0, 0, 0], "uv": [58, 54]}
					]
				},
				{
					"name": "collar_front_left",
					"parent": "torso",
					"pivot": [4.5, 6.5, -4.5],
					"rotation": [0, 30, 0],
					"cubes": [
						{"origin": [4.5, 4, -4.5], "size": [2, 5, 0], "uv": [54, 10]}
					]
				},
				{
					"name": "collar_front_right",
					"parent": "torso",
					"pivot": [-4.5, 6.5, -4.5],
					"rotation": [0, -30, 0],
					"cubes": [
						{"origin": [-6.5, 4, -4.5], "size": [2, 5, 0], "uv": [58, 0]}
					]
				},
				{
					"name": "collar_left",
					"parent": "torso",
					"pivot": [4.5, 8.001, -4.5],
					"rotation": [0, 0, -45],
					"cubes": [
						{"origin": [4.5, 8, -4.5], "size": [3, 0, 11], "uv": [-11, 0]}
					]
				},
				{
					"name": "collar_right",
					"parent": "torso",
					"pivot": [-4.5, 8, 1],
					"cubes": [
						{"origin": [-7.5, 8, -4.5], "size": [3, 0, 11], "pivot": [-4.5, 8, -4.5], "rotation": [0, 0, 45], "uv": [47, 9]}
					]
				},
				{
					"name": "coat_right_back",
					"parent": "torso",
					"pivot": [-4.5, 3, 1.5],
					"rotation": [0, 0, -45],
					"cubes": [
						{"origin": [-7.5, 3, 1.5], "size": [3, 0, 5], "uv": [49, 29]}
					]
				},
				{
					"name": "coat_left_back",
					"parent": "torso",
					"pivot": [4.5, 3, 1.5],
					"rotation": [0, 0, 45],
					"cubes": [
						{"origin": [4.5, 3, 1.5], "size": [3, 0, 5], "uv": [-1, 47]}
					]
				},
				{
					"name": "coat_right_front",
					"parent": "torso",
					"pivot": [-4.5, 3, -1.5],
					"rotation": [0, 0, -45],
					"cubes": [
						{"origin": [-6.5, 3, -3.5], "size": [2, 0, 2], "uv": [56, 7]}
					]
				},
				{
					"name": "coat_left_front",
					"parent": "torso",
					"pivot": [4.5, 3, -1.5],
					"rotation": [0, 0, 45],
					"cubes": [
						{"origin": [4.5, 3, -3.5], "size": [2, 0, 2], "uv": [56, 5]}
					]
				},
				{
					"name": "collar_back_1",
					"parent": "torso",
					"pivot": [0, 8, 4.5],
					"rotation": [45, 0, 0],
					"cubes": [
						{"origin": [-4.5, 8, 4.5], "size": [9, 0, 2], "uv": [25, 9]}
					]
				},
				{
					"name": "collar_back_2",
					"parent": "collar_back_1",
					"pivot": [0, 8, 6.5],
					"rotation": [-15, 0, 0],
					"cubes": [
						{"origin": [-4.5, 8, 6.5], "size": [9, 0, 2], "uv": [25, 7]}
					]
				},
				{
					"name": "coat_tail_1",
					"parent": "torso",
					"pivot": [0, 3, 4.5],
					"rotation": [-45, 0, 0],
					"cubes": [
						{"origin": [-4.5, 3, 4.5], "size": [9, 0, 2], "uv": [25, 5]}
					]
				},
				{
					"name": "coat_tail_2",
					"parent": "coat_tail_1",
					"pivot": [0, 3, 6.5],
					"rotation": [30, 0, 0],
					"cubes": [
						{"origin": [-4.5, 3, 6.5], "size": [9, 0, 3], "uv": [24, 2]}
					]
				},
				{
					"name": "back",
					"parent": "upper",
					"pivot": [0, 5.5, 4.5]
				},
				{
					"name": "back_bulb",
					"parent": "back",
					"pivot": [0, 5.5, 4.5],
					"cubes": [
						{"origin": [-1.5, 4, 3.5], "size": [3, 3, 3], "uv": [15, 39]}
					]
				},
				{
					"name": "back_bulb_fringe_top",
					"parent": "back_bulb",
					"pivot": [0, 7, 6.5],
					"rotation": [-35, 0, 0],
					"cubes": [
						{"origin": [-0.5, 7, 6.5], "size": [1, 1, 0], "uv": [37, 57]}
					]
				},
				{
					"name": "back_bulb_fringe_right",
					"parent": "back_bulb",
					"pivot": [-1.5, 5.5, 6.5],
					"rotation": [0, 35, 0],
					"cubes": [
						{"origin": [-2.5, 4, 6.5], "size": [1, 3, 0], "uv": [62, 6]}
					]
				},
				{
					"name": "back_bulb_fringe_bottom",
					"parent": "back_bulb",
					"pivot": [0, 4, 6.5],
					"rotation": [35, 0, 0],
					"cubes": [
						{"origin": [-0.5, 3, 6.5], "size": [1, 1, 0], "uv": [31, 52]}
					]
				},
				{
					"name": "back_bulb_fringe_left",
					"parent": "back_bulb",
					"pivot": [1.5, 5.5, 6.5],
					"rotation": [0, -35, 0],
					"cubes": [
						{"origin": [1.5, 4, 6.5], "size": [1, 3, 0], "uv": [46, 5]}
					]
				},
				{
					"name": "backleaf_top",
					"parent": "back_bulb",
					"pivot": [0, 5.5, 6.5],
					"cubes": [
						{"origin": [-4.5, 5, 6.5], "size": [5, 5, 0], "pivot": [0, 5.5, 6.5], "rotation": [-45.2809, 35.3963, 29.8376], "uv": [48, 0]}
					]
				},
				{
					"name": "backleaf_bottom",
					"parent": "back_bulb",
					"pivot": [0, 5.5, 6.5],
					"cubes": [
						{"origin": [-4.5, 5, 6.5], "size": [5, 5, 0], "pivot": [0, 5.5, 6.5], "rotation": [-144.7356, 30, -35.2644], "uv": [48, 5]}
					]
				},
				{
					"name": "vine_left_base",
					"parent": "back",
					"pivot": [1.5, 5.5, 5.5],
					"cubes": [
						{"origin": [0.5, 5, 5], "size": [5, 1, 1], "uv": [36, 61]}
					]
				},
				{
					"name": "vine_left_forward",
					"parent": "vine_left_base",
					"pivot": [5.5, 5.5, 6]
				},
				{
					"name": "vine_left_backward",
					"parent": "vine_left_forward",
					"pivot": [5.5, 5.5, 5]
				},
				{
					"name": "vine_left_roll",
					"parent": "vine_left_backward",
					"pivot": [5.5, 5.5, 5.5]
				},
				{
					"name": "vine_left_1",
					"parent": "vine_left_roll",
					"pivot": [5.5, 5.5, 5.5]
				},
				{
					"name": "vine_left_wave_1",
					"parent": "vine_left_1",
					"pivot": [8, 5.5, 5.5],
					"cubes": [
						{"origin": [5.5, 5.5, 5], "size": [5, 0, 1], "uv": [9, 52]}
					]
				},
				{
					"name": "vine_left_2",
					"parent": "vine_left_1",
					"pivot": [10.5, 5.5, 5.5]
				},
				{
					"name": "vine_left_wave_2",
					"parent": "vine_left_2",
					"pivot": [8, 5.5, 5.5],
					"cubes": [
						{"origin": [10.5, 5.5, 5], "size": [5, 0, 1], "uv": [5, 1]}
					]
				},
				{
					"name": "vine_left_3",
					"parent": "vine_left_2",
					"pivot": [15.5, 5.5, 5.5]
				},
				{
					"name": "vine_left_wave_3",
					"parent": "vine_left_3",
					"pivot": [18, 5.5, 5.5],
					"cubes": [
						{"origin": [15.5, 5.5, 5], "size": [5, 0, 1], "uv": [15, 1]}
					]
				},
				{
					"name": "vine_left_4",
					"parent": "vine_left_3",
					"pivot": [20.5, 5.5, 5.5]
				},
				{
					"name": "vine_left_wave_4",
					"parent": "vine_left_4",
					"pivot": [24, 5.5, 5.5],
					"cubes": [
						{"origin": [20.5, 5.5, 5], "size": [5, 0, 1], "uv": [25, 1]},
						{"origin": [23.5, 5.5, 4], "size": [1, 0, 3], "uv": [59, 3]}
					]
				},
				{
					"name": "vine_left_5",
					"parent": "vine_left_4",
					"pivot": [25.5, 5.5, 5.5]
				},
				{
					"name": "vine_left_wave_5",
					"parent": "vine_left_5",
					"pivot": [28, 5.5, 5.5],
					"cubes": [
						{"origin": [25.5, 5.5, 5], "size": [5, 0, 1], "uv": [35, 1]},
						{"origin": [27.5, 5.5, 3], "size": [1, 0, 5], "uv": [49, 15]}
					]
				},
				{
					"name": "vine_left_end",
					"parent": "vine_left_5",
					"pivot": [30.5, 5.5, 5.5]
				},
				{
					"name": "vine_left_wave_end",
					"parent": "vine_left_end",
					"pivot": [32.5, 5.5, 5.5],
					"cubes": [
						{"origin": [30.5, 5.5, 5], "size": [2, 0, 1], "uv": [17, 38]}
					]
				},
				{
					"name": "vine_left_point_roll",
					"parent": "vine_left_wave_end",
					"pivot": [32.5, 5.5, 5.5],
					"cubes": [
						{"origin": [31.5, 5.5, 3], "size": [6, 0, 5], "uv": [47, 47]},
						{"origin": [32.5, 5, 5], "size": [2, 1, 1], "uv": [24, 50]}
					]
				},
				{
					"name": "vine_right_base",
					"parent": "back",
					"pivot": [-1.5, 5.5, 5.5],
					"cubes": [
						{"origin": [-5.5, 5, 5], "size": [5, 1, 1], "uv": [20, 52]}
					]
				},
				{
					"name": "vine_right_forward",
					"parent": "vine_right_base",
					"pivot": [-5.5, 5.5, 6]
				},
				{
					"name": "vine_right_backward",
					"parent": "vine_right_forward",
					"pivot": [-5.5, 5.5, 5]
				},
				{
					"name": "vine_right_roll",
					"parent": "vine_right_backward",
					"pivot": [-5.5, 5.5, 5.5]
				},
				{
					"name": "vine_right_1",
					"parent": "vine_right_roll",
					"pivot": [-5.5, 5.5, 5.5]
				},
				{
					"name": "vine_right_wave_1",
					"parent": "vine_right_1",
					"pivot": [-5.2, 5.5, 5.5],
					"cubes": [
						{"origin": [-10.5, 5.5, 5], "size": [5, 0, 1], "uv": [-1, 52]}
					]
				},
				{
					"name": "vine_right_2",
					"parent": "vine_right_1",
					"pivot": [-10.5, 5.5, 5.5]
				},
				{
					"name": "vine_right_wave_2",
					"parent": "vine_right_2",
					"pivot": [-10.5, 5.5, 5.5],
					"cubes": [
						{"origin": [-15.5, 5.5, 5], "size": [5, 0, 1], "uv": [5, 0]}
					]
				},
				{
					"name": "vine_right_3",
					"parent": "vine_right_2",
					"pivot": [-15.5, 5.5, 5.5]
				},
				{
					"name": "vine_right_wave_3",
					"parent": "vine_right_3",
					"pivot": [-15.5, 5.5, 5.5],
					"cubes": [
						{"origin": [-20.5, 5.5, 5], "size": [5, 0, 1], "uv": [15, 0]}
					]
				},
				{
					"name": "vine_right_4",
					"parent": "vine_right_3",
					"pivot": [-20.5, 5.5, 5.5]
				},
				{
					"name": "vine_right_wave_4",
					"parent": "vine_right_4",
					"pivot": [-28, 5.5, 5.5],
					"cubes": [
						{"origin": [-25.5, 5.5, 5], "size": [5, 0, 1], "uv": [25, 0]},
						{"origin": [-24.5, 5.5, 4], "size": [1, 0, 3], "uv": [59, 0]}
					]
				},
				{
					"name": "vine_right_5",
					"parent": "vine_right_4",
					"pivot": [-25.5, 5.5, 5.5]
				},
				{
					"name": "vine_right_wave_5",
					"parent": "vine_right_5",
					"pivot": [-28, 5.5, 5.5],
					"cubes": [
						{"origin": [-30.5, 5.5, 5], "size": [5, 0, 1], "uv": [35, 0]},
						{"origin": [-28.5, 5.5, 3], "size": [1, 0, 5], "uv": [51, 15]}
					]
				},
				{
					"name": "vine_right_end",
					"parent": "vine_right_5",
					"pivot": [-30.5, 5.5, 5.5]
				},
				{
					"name": "vine_right_wave_end",
					"parent": "vine_right_end",
					"pivot": [-32, 5.5, 5.5],
					"cubes": [
						{"origin": [-32.5, 5.5, 5], "size": [2, 0, 1], "uv": [21, 38]}
					]
				},
				{
					"name": "vine_right_point_roll",
					"parent": "vine_right_wave_end",
					"pivot": [-32.5, 5.5, 5.5],
					"cubes": [
						{"origin": [-34.5, 5, 5], "size": [2, 1, 1], "uv": [32, 52]},
						{"origin": [-37.5, 5.5, 3], "size": [6, 0, 5], "uv": [47, 52]}
					]
				},
				{
					"name": "leg_left",
					"parent": "pirouette_right",
					"pivot": [3.5, 3.5, 0],
					"cubes": [
						{"origin": [2, 2, -1.5], "size": [3, 3, 3], "uv": [37, 47]},
						{"origin": [4, 1, -1.5], "size": [1, 1, 0], "pivot": [4.5, 2, -1.5], "rotation": [-35, 0, 0], "uv": [38, 53]},
						{"origin": [5, 1, -1.5], "size": [0, 1, 3], "pivot": [5, 2, 0], "rotation": [0, 0, -35], "uv": [54, 31]},
						{"origin": [4, 1, 1.5], "size": [1, 1, 0], "pivot": [4.5, 2, 1.5], "rotation": [35, 0, 0], "uv": [24, 40]}
					]
				},
				{
					"name": "coat_left_middle",
					"parent": "leg_left",
					"pivot": [5, 3, 0],
					"rotation": [0, 0, 50],
					"cubes": [
						{"origin": [5, 3, -1.5], "size": [3, 0, 3], "uv": [-3, 38]}
					]
				},
				{
					"name": "leg_left2",
					"parent": "leg_left",
					"pivot": [3.5, 2, 0],
					"cubes": [
						{"origin": [2.5, 0, -1], "size": [2, 2, 2], "uv": [0, 21]}
					]
				},
				{
					"name": "leg_right",
					"parent": "pirouette_right",
					"pivot": [-3.5, 3.5, 0],
					"cubes": [
						{"origin": [-5, 2, -1.5], "size": [3, 3, 3], "uv": [3, 38]},
						{"origin": [-5, 1, -1.5], "size": [1, 1, 0], "pivot": [4.5, 2, -1.5], "rotation": [-35, 0, 0], "uv": [24, 39]},
						{"origin": [-5, 1, -1.5], "size": [0, 1, 3], "pivot": [-5, 2, 0], "rotation": [0, 0, 35], "uv": [48, 7]},
						{"origin": [-5, 1, 1.5], "size": [1, 1, 0], "pivot": [4.5, 2, 1.5], "rotation": [35, 0, 0], "uv": [37, 56]}
					]
				},
				{
					"name": "coat_right_middle",
					"parent": "leg_right",
					"pivot": [-5, 3, 0],
					"rotation": [0, 0, -50],
					"cubes": [
						{"origin": [-8, 3, -1.5], "size": [3, 0, 3], "uv": [9, 38]}
					]
				},
				{
					"name": "leg_right2",
					"parent": "leg_right",
					"pivot": [-3.5, 2, 0],
					"cubes": [
						{"origin": [-4.5, 0, -1], "size": [2, 2, 2], "uv": [0, 25]}
					]
				}
			]
		}
	]
}