{
    "portraitScale": 2,
    "portraitTranslation": [
        -0.2,
        -1,
        0
    ],
    "profileScale": 0.85,
    "profileTranslation": [
        0,
        0.5,
        0
    ],
 "animations": {
    "faint": "q.bedrock_primary('hacnea', 'faint', q.curve('one'))",
    "cry": "q.bedrock_stateful('hacnea', 'cry')"
 },
    "poses": {
        "battle-standing": {
            "poseTypes": [
                "STAND"
            ],
            "isBattle": true,
            "animations": [
                "q.bedrock('hacnea', 'rude_battle_idle')"
            ],
            "quirks": [
                        "q.bedrock_quirk('hacnea', 'blink')"
                    ]
        },
        "standing": {
            "poseTypes": [
                "STAND",
                "NONE",
                "PORTRAIT",
                "PROFILE"
            ],
            "isBattle": false,
            "animations": [
                "q.bedrock('hacnea', 'ground_idle')"
            ],
            "quirks": [
                "q.bedrock_quirk('hacnea', 'blink')"
                    ]
        },
        "walking": {
            "poseTypes": [
                "WALK"
            ],
            "animations": [
                "q.bedrock('hacnea', 'ground_walk')"
            ],
            "quirks": [
                        "q.bedrock_quirk('hacnea', 'blink')"
                    ]
        },
        "swimming": {
            "poseTypes": [
                "SWIM"
            ],
            "animations": [
                "q.bedrock('hacnea', 'ground_idle')"
            ],
            "quirks": [
                        "q.bedrock_quirk('hacnea', 'blink')"
                    ]
        },
        "floating": {
            "poseTypes": [
                "FLOAT"
            ],
            "animations": [
                "q.bedrock('hacnea', 'ground_idle')"
            ],
            "quirks": [
                        "q.bedrock_quirk('hacnea', 'blink')"
                    ]
        },
        "sleeping": {
            "poseTypes": [
                "SLEEP"
            ],
            "animations": [
                "q.bedrock('hacnea', 'rude_sleep')"
            ]
        }
    }
}