{
    "portraitScale": 2.5,
    "portraitTranslation": [
        0,
        0.5,
        0
    ],
    "profileScale": 0.75,
    "profileTranslation": [
        0,
        0.7,
        0
    ],
 "animations": {
    "faint": "q.bedrock_primary('jacturne', 'faint', q.curve('one'))",
    "cry": "q.bedrock_stateful('jacturne', 'cry')"
 },
    "poses": {
        "battle-standing": {
            "poseTypes": [
                "STAND"
            ],
            "isBattle": true,
            "animations": [
                "q.bedrock('jacturne', 'battle_idle')"
            ],
            "quirks": [
                        "q.bedrock_quirk('jacturne', 'blink')"
                    ]
        },
        "standing": {
            "poseTypes": [
                "STAND",
                "NONE",
                "PORTRAIT",
                "PROFILE"
            ],
            "isBattle": false,
            "animations": [
				"q.look('head', 1, 1, 35, -45, 35, -35)",
                "q.bedrock('jacturne', 'ground_idle')"
            ],
            "quirks": [
                        "q.bedrock_quirk('jacturne', 'blink')"
                    ]
        },
        "walking": {
            "poseTypes": [
                "WALK"
            ],
            "animations": [
                "q.bedrock('jacturne', 'ground_walk')"
            ],
            "quirks": [
                        "q.bedrock_quirk('jacturne', 'blink')"
                    ]
        },
        "swimming": {
            "poseTypes": [
                "SWIM"
            ],
            "animations": [
                "q.bedrock('jacturne', 'ground_idle')"
            ],
            "quirks": [
                        "q.bedrock_quirk('jacturne', 'blink')"
                    ]
        },
        "floating": {
            "poseTypes": [
                "FLOAT"
            ],
            "animations": [
                "q.bedrock('jacturne', 'ground_idle')"
            ],
            "quirks": [
                        "q.bedrock_quirk('jacturne', 'blink')"
                    ]
        },
        "sleeping": {
            "poseTypes": [
                "SLEEP"
            ],
            "animations": [
                "q.bedrock('jacturne', 'sleep')"
            ]
        }
    }
}