{
  "implemented": true,
  "name": "Calyrex",
  "nationalPokedexNumber": 898,
  "primaryType": "psychic",
  "secondaryType": "grass",
  "abilities": [
    "unnerve"
  ],
  "baseStats": {
    "hp": 100,
    "attack": 80,
    "defence": 80,
    "special_attack": 80,
    "special_defence": 80,
    "speed": 80
  },
  "catchRate": 3,
  "maleRatio": -1,
  "shoulderMountable": false,
  "forms": [
    {
      "name": "Ice",
      "primaryType": "psychic",
      "secondaryType": "ice",
      "abilities": [
        "asoneglastrier"
      ],
      "baseStats": {
        "hp": 100,
        "attack": 165,
        "defence": 150,
        "special_attack": 85,
        "special_defence": 130,
        "speed": 50
      },
      "catchRate": 3,
      "maleRatio": -1,
      "baseExperienceYield": 250,
      "baseFriendship": 100,
      "evYield": {
        "hp": 0,
        "attack": 3,
        "defence": 0,
        "special_attack": 0,
        "special_defence": 0,
        "speed": 0
      },
      "experienceGroup": "slow",
      "eggCycles": 120,
      "eggGroups": [
        "undiscovered"
      ],
      "moves": [
        "1:avalanche",
        "1:confusion",
        "1:doubleedge",
        "1:doublekick",
        "1:glaciallance",
        "1:growth",
        "1:iciclecrash",
        "1:irondefense",
        "1:megadrain",
        "1:mist",
        "1:pound",
        "1:stomp",
        "1:swordsdance",
        "1:tackle",
        "1:tailwhip",
        "1:takedown",
        "1:taunt",
        "1:thrash",
        "1:torment",
        "8:lifedew",
        "16:gigadrain",
        "24:psyshock",
        "32:helpinghand",
        "40:aromatherapy",
        "40:grassyterrain",
        "48:energyball",
        "56:psychic",
        "64:leechseed",
        "72:healpulse",
        "80:solarbeam",
        "88:futuresight",
        "tm:agility",
        "tm:allyswitch",
        "tm:assurance",
        "tm:avalanche",
        "tm:batonpass",
        "tm:blizzard",
        "tm:bodypress",
        "tm:bodyslam",
        "tm:bulldoze",
        "tm:bulletseed",
        "tm:calmmind",
        "tm:closecombat",
        "tm:crunch",
        "tm:drainingkiss",
        "tm:encore",
        "tm:endure",
        "tm:energyball",
        "tm:facade",
        "tm:futuresight",
        "tm:gigadrain",
        "tm:gigaimpact",
        "tm:grassknot",
        "tm:grassyterrain",
        "tm:guardswap",
        "tm:hail",
        "tm:heavyslam",
        "tm:helpinghand",
        "tm:highhorsepower",
        "tm:hyperbeam",
        "tm:icebeam",
        "tm:iciclespear",
        "tm:icywind",
        "tm:imprison",
        "tm:irondefense",
        "tm:leafstorm",
        "tm:lightscreen",
        "tm:magicalleaf",
        "tm:magicroom",
        "tm:megahorn",
        "tm:metronome",
        "tm:mudshot",
        "tm:outrage",
        "tm:payback",
        "tm:payday",
        "tm:pollenpuff",
        "tm:powerswap",
        "tm:protect",
        "tm:psybeam",
        "tm:psychic",
        "tm:psychicterrain",
        "tm:psyshock",
        "tm:reflect",
        "tm:rest",
        "tm:round",
        "tm:safeguard",
        "tm:scaryface",
        "tm:seedbomb",
        "tm:skillswap",
        "tm:sleeptalk",
        "tm:smartstrike",
        "tm:snarl",
        "tm:snore",
        "tm:snowscape",
        "tm:solarbeam",
        "tm:solarblade",
        "tm:speedswap",
        "tm:stompingtantrum",
        "tm:storedpower",
        "tm:substitute",
        "tm:sunnyday",
        "tm:superpower",
        "tm:swift",
        "tm:swordsdance",
        "tm:takedown",
        "tm:taunt",
        "tm:terablast",
        "tm:throatchop",
        "tm:trailblaze",
        "tm:triattack",
        "tm:trick",
        "tm:trickroom",
        "tm:uproar",
        "tm:wonderroom",
        "tm:zenheadbutt",
        "tutor:expandingforce",
        "tutor:gigadrain",
        "tutor:glaciallance",
        "tutor:irondefense",
        "tutor:lashout",
        "tutor:psychic"
      ],
      "labels": [
        "gen8",
        "legendary"
      ],
      "aspects": [
        "ice"
      ],
      "baseScale": 0.6,
      "height": 24,
      "weight": 8091,
      "evolutions": [],
      "cannotDynamax": false,
      "battleOnly": false
    },
    {
      "name": "Shadow",
      "primaryType": "psychic",
      "secondaryType": "ghost",
      "abilities": [
        "asonespectrier"
      ],
      "baseStats": {
        "hp": 100,
        "attack": 85,
        "defence": 80,
        "special_attack": 165,
        "special_defence": 100,
        "speed": 150
      },
      "catchRate": 3,
      "maleRatio": -1,
      "baseExperienceYield": 250,
      "baseFriendship": 100,
      "evYield": {
        "hp": 0,
        "attack": 0,
        "defence": 0,
        "special_attack": 3,
        "special_defence": 0,
        "speed": 0
      },
      "experienceGroup": "slow",
      "eggCycles": 120,
      "eggGroups": [
        "undiscovered"
      ],
      "moves": [
        "1:agility",
        "1:astralbarrage",
        "1:confuseray",
        "1:confusion",
        "1:disable",
        "1:doubleedge",
        "1:doublekick",
        "1:growth",
        "1:haze",
        "1:hex",
        "1:megadrain",
        "1:nastyplot",
        "1:pound",
        "1:shadowball",
        "1:stomp",
        "1:tackle",
        "1:tailwhip",
        "1:takedown",
        "1:thrash",
        "8:lifedew",
        "16:gigadrain",
        "24:psyshock",
        "32:helpinghand",
        "40:aromatherapy",
        "40:grassyterrain",
        "40:psychicterrain",
        "48:energyball",
        "56:psychic",
        "64:leechseed",
        "72:healpulse",
        "80:solarbeam",
        "88:futuresight",
        "tm:agility",
        "tm:allyswitch",
        "tm:assurance",
        "tm:batonpass",
        "tm:bodyslam",
        "tm:bulldoze",
        "tm:bulletseed",
        "tm:calmmind",
        "tm:confuseray",
        "tm:crunch",
        "tm:darkpulse",
        "tm:drainingkiss",
        "tm:encore",
        "tm:endure",
        "tm:energyball",
        "tm:facade",
        "tm:foulplay",
        "tm:futuresight",
        "tm:gigadrain",
        "tm:gigaimpact",
        "tm:grassknot",
        "tm:grassyterrain",
        "tm:guardswap",
        "tm:helpinghand",
        "tm:hex",
        "tm:hyperbeam",
        "tm:imprison",
        "tm:leafstorm",
        "tm:lightscreen",
        "tm:magicalleaf",
        "tm:magicroom",
        "tm:metronome",
        "tm:mudshot",
        "tm:nastyplot",
        "tm:nightshade",
        "tm:payback",
        "tm:payday",
        "tm:phantomforce",
        "tm:pollenpuff",
        "tm:powerswap",
        "tm:protect",
        "tm:psybeam",
        "tm:psychic",
        "tm:psychicterrain",
        "tm:psychocut",
        "tm:psyshock",
        "tm:reflect",
        "tm:rest",
        "tm:round",
        "tm:safeguard",
        "tm:scaryface",
        "tm:seedbomb",
        "tm:shadowball",
        "tm:skillswap",
        "tm:sleeptalk",
        "tm:snarl",
        "tm:snore",
        "tm:solarbeam",
        "tm:solarblade",
        "tm:speedswap",
        "tm:stompingtantrum",
        "tm:storedpower",
        "tm:substitute",
        "tm:sunnyday",
        "tm:swift",
        "tm:takedown",
        "tm:taunt",
        "tm:terablast",
        "tm:triattack",
        "tm:trick",
        "tm:trickroom",
        "tm:uproar",
        "tm:willowisp",
        "tm:wonderroom",
        "tm:zenheadbutt",
        "tutor:agility",
        "tutor:astralbarrage",
        "tutor:expandingforce",
        "tutor:gigadrain",
        "tutor:lashout",
        "tutor:psychic"
      ],
      "labels": [
        "gen8",
        "legendary"
      ],
      "aspects": [
        "shadow"
      ],
      "baseScale": 0.6,
      "height": 24,
      "weight": 536,
      "evolutions": [],
      "cannotDynamax": false,
      "battleOnly": false
    }
  ],
  "baseExperienceYield": 250,
  "experienceGroup": "slow",
  "eggCycles": 120,
  "eggGroups": [
    "undiscovered"
  ],
  "moves": [
    "1:confusion",
    "1:growth",
    "1:megadrain",
    "1:pound",
    "8:lifedew",
    "16:gigadrain",
    "24:psyshock",
    "32:helpinghand",
    "40:aromatherapy",
    "40:grassyterrain",
    "40:psychicterrain",
    "48:energyball",
    "56:psychic",
    "64:leechseed",
    "72:healpulse",
    "80:solarbeam",
    "88:futuresight",
    "tm:agility",
    "tm:allyswitch",
    "tm:batonpass",
    "tm:bodypress",
    "tm:bulletseed",
    "tm:calmmind",
    "tm:drainingkiss",
    "tm:encore",
    "tm:endure",
    "tm:energyball",
    "tm:facade",
    "tm:futuresight",
    "tm:gigadrain",
    "tm:gigaimpact",
    "tm:grassknot",
    "tm:grassyterrain",
    "tm:guardswap",
    "tm:helpinghand",
    "tm:hyperbeam",
    "tm:imprison",
    "tm:leafstorm",
    "tm:lightscreen",
    "tm:magicalleaf",
    "tm:magicroom",
    "tm:metronome",
    "tm:mudshot",
    "tm:payday",
    "tm:pollenpuff",
    "tm:powerswap",
    "tm:protect",
    "tm:psybeam",
    "tm:psychic",
    "tm:psychicterrain",
    "tm:psyshock",
    "tm:reflect",
    "tm:rest",
    "tm:round",
    "tm:safeguard",
    "tm:scaryface",
    "tm:seedbomb",
    "tm:skillswap",
    "tm:sleeptalk",
    "tm:snarl",
    "tm:snore",
    "tm:solarbeam",
    "tm:solarblade",
    "tm:speedswap",
    "tm:storedpower",
    "tm:substitute",
    "tm:sunnyday",
    "tm:swift",
    "tm:takedown",
    "tm:terablast",
    "tm:triattack",
    "tm:trick",
    "tm:trickroom",
    "tm:wonderroom",
    "tm:zenheadbutt",
    "tutor:expandingforce",
    "tutor:gigadrain",
    "tutor:psychic"
  ],
  "labels": [
    "gen8",
    "legendary"
  ],
  "pokedex": [
    "cobblemon.species.calyrex.desc"
  ],
  "evolutions": [
    {
      "id":"shadow",
      "variant": "item_interact",
      "result":"calyrex shadow",
      "consumeHeldItem": false,
      "learnableMoves":[],
      "requirements":[],
    "requiredContext": "cobblemon:ice_stone"
    },
    {
      "id":"ice",
      "variant": "item_interact",
      "result":"calyrex ice",
      "consumeHeldItem": false,
      "learnableMoves":[],
      "requirements":[],
    "requiredContext": "cobblemon:dusk_stone"
    }
  ],
  "baseScale": 1,
  "hitbox": {
    "width": 1,
    "height": 1,
    "fixed": false
  },
  "baseFriendship": 100,
  "evYield": {
    "hp": 3,
    "attack": 0,
    "defence": 0,
    "special_attack": 0,
    "special_defence": 0,
    "speed": 0
  },
  "height": 11,
  "weight": 77,
  "aspects": [],
  "cannotDynamax": false
}