{
    "head": "head",
    "portraitScale": 0.3,
    "portraitTranslation": [
        0,
        1.5,
        0
    ],
    "profileScale": 0.25,
    "profileTranslation": [
        0,
        1.5,
        0
    ],
    "poses": {
        "standing": {
            "poseName": "standing",
            "transformTicks": 10,
            "poseTypes": [
                "STAND",
                "NONE",
                "PORTRAIT",
                "PROFILE"
            ],
            "animations": [
                "bedrock(calyrex_shadow, ground_idle)"
            ]
        },
        "walking": {
            "poseName": "walking",
            "transformTicks": 10,
            "poseTypes": [
                "WALK"
            ],
            "animations": [
                "bedrock(calyrex_shadow, ground_idle)"
            ]
        }
    }
}