{
  "display": {
    "icon": {
      "item": "cobblemon:master_ball"
    },
    "title": {
      "text": "Legendary Encounter"
    },
    "description": {
      "text": "Find any Legendary Structure"
    },
    "frame": "task",
    "show_toast": true,
    "announce_to_chat": true,
    "hidden": false
  },
  "parent": "cobblemon:first_catch",
  "criteria": {
    "sky_pillar": {
      "trigger": "minecraft:location",
      "conditions": {
        "player": [
          {
            "condition": "minecraft:entity_properties",
            "entity": "this",
            "predicate": {
              "location": {
                "structure": "legendary_structures:sky_pillar"
              }
            }
          }
        ]
      }
    }
  },
  "requirements": [
    [
      "sky_pillar"
    ]
  ],
  "sends_telemetry_event": false
}
