{
  "display": {
    "icon": {
      "item": "cobblemon:pokemon_model",
      "nbt": "{\"species\":\"cobblemon:mew\"}"
    },
    "title": {
      "text": "Far, Far Away"
    },
    "description": {
      "text": "Find the Faraway Ruins"
    },
    "frame": "task",
    "show_toast": true,
    "announce_to_chat": true,
    "hidden": false
  },
  "parent": "legendary_structures:find_legendary",
  "criteria": {
    "mew_ruins": {
      "trigger": "minecraft:location",
      "conditions": {
        "player": [
          {
            "condition": "minecraft:entity_properties",
            "entity": "this",
            "predicate": {
              "location": {
                "structure": "legendary_structures:mew_ruins"
              }
            }
          }
        ]
      }
    }
  },
  "requirements": [
    [
      "mew_ruins"
    ]
  ],
  "rewards": {
    "function": "legendary_structures:spawn_mew"
  },
  "sends_telemetry_event": false
}
